id_amc,UF
1001,RO
21001,AC
21002,AC
21003,AC
21004,AC
21005,AC
1002,AM
1003,AM
1004,AM
1005,AM
1006,AM
1007,AM
1008,AM
1009,AM
1010,AM
1011,AM
1012,AM
1013,AM
1014,AM
1015,AM
1016,AM
1017,AM
1018,AM
1019,AM
1020,AM
1021,AM
1022,AM
1023,AM
1024,AM
1025,AM
1026,AM
1027,AM
1028,AM
1029,AM
1030,AM
1031,AM
1032,AM
1033,AM
1034,AM
1035,AM
1036,AM
1037,AM
1038,AM
1039,AM
1040,AM
1041,AM
1042,AM
1043,AM
1044,AM
1045,AM
1046,RR
2001,PA
2002,PA
2003,PA
2004,PA
2005,PA
2006,PA
2007,PA
2008,PA
2009,PA
2010,PA
2011,PA
2012,PA
2013,PA
2014,PA
2015,PA
2016,PA
2017,PA
2018,PA
2019,PA
2020,PA
2021,PA
2022,PA
2023,PA
2024,PA
2025,PA
2026,PA
2027,PA
2028,PA
2029,PA
2030,PA
2031,PA
2032,PA
2033,PA
2034,PA
2035,PA
2036,PA
2037,PA
2038,PA
2039,PA
2040,PA
2041,PA
2042,PA
2043,PA
2044,PA
2045,PA
2046,PA
2047,PA
2048,PA
2049,PA
2050,PA
2051,PA
2052,PA
2053,PA
2054,PA
2055,PA
2056,PA
2057,PA
2058,PA
2059,PA
2060,PA
2061,PA
2062,PA
2063,PA
2064,PA
2065,PA
2066,PA
2067,PA
2068,PA
2069,PA
2070,PA
2071,PA
2072,PA
2073,AP
2074,AP
2075,AP
2076,AP
16001,TO
16002,TO
16003,TO
16004,TO
16005,TO
16006,TO
16007,TO
16008,TO
16009,TO
16010,TO
16011,TO
16012,TO
16013,TO
16014,TO
16015,TO
16016,TO
16017,TO
16018,TO
16019,TO
16020,TO
16021,TO
16022,TO
16023,TO
16024,TO
16025,TO
16026,TO
16027,TO
16028,TO
16029,TO
16030,TO
16031,TO
16032,TO
16033,TO
16034,TO
16035,TO
16036,TO
16037,TO
16038,TO
3001,MA
3002,MA
3003,MA
3004,MA
3005,MA
3006,MA
3007,MA
3008,MA
3009,MA
3010,MA
3011,MA
3012,MA
3013,MA
3014,MA
3015,MA
3016,MA
3017,MA
3018,MA
3019,MA
3020,MA
3021,MA
3022,MA
3023,MA
3024,MA
3025,MA
3026,MA
3027,MA
3028,MA
3029,MA
3030,MA
3031,MA
3032,MA
3033,MA
3034,MA
3035,MA
3036,MA
3037,MA
3038,MA
3039,MA
3040,MA
3041,MA
3042,MA
3043,MA
3044,MA
3045,MA
3046,MA
3047,MA
3048,MA
3049,MA
3050,MA
3051,MA
3052,MA
3053,MA
3054,MA
3055,MA
3056,MA
3057,MA
3058,MA
3059,MA
3060,MA
3061,MA
3062,MA
3063,MA
3064,MA
3065,MA
3066,MA
3067,MA
3068,MA
3069,MA
3070,MA
3071,MA
3072,MA
3073,MA
3074,MA
3075,MA
3076,MA
3077,MA
3078,MA
3079,MA
3080,MA
3081,MA
3082,MA
3083,MA
3084,MA
3085,MA
3086,MA
3087,MA
3088,MA
3089,MA
3090,MA
3091,MA
3092,MA
3093,MA
3094,MA
3095,MA
3096,MA
3097,MA
3098,MA
3099,MA
3100,MA
3101,MA
3102,MA
4001,PI
4002,PI
4003,PI
4004,PI
4005,PI
4006,PI
4007,PI
4008,PI
4009,PI
4010,PI
4011,PI
4012,PI
4013,PI
4014,PI
4015,PI
4016,PI
4017,PI
4018,PI
4019,PI
4020,PI
4021,PI
4022,PI
4023,PI
4024,PI
4025,PI
4026,PI
4027,PI
4028,PI
4029,PI
4030,PI
4031,PI
4032,PI
4033,PI
4034,PI
4035,PI
4036,PI
4037,PI
4038,PI
4039,PI
4040,PI
4041,PI
4042,PI
4043,PI
4044,PI
4045,PI
4046,PI
4047,PI
4048,PI
4049,PI
4050,PI
4051,PI
4052,PI
4053,PI
4054,PI
4055,PI
4056,PI
4057,PI
4058,PI
4059,PI
4060,PI
4061,PI
4062,PI
4063,PI
4064,PI
4065,PI
4066,PI
4067,PI
4068,PI
4069,PI
4070,PI
4071,PI
4072,PI
4073,PI
4074,PI
4075,PI
4076,PI
4077,PI
4078,PI
4079,PI
4080,PI
4081,PI
4082,PI
4083,PI
4084,PI
4085,PI
4086,PI
4087,PI
4088,PI
4089,PI
4090,PI
4091,PI
4092,PI
4093,PI
4094,PI
4095,PI
4096,CE
4097,CE
4098,CE
4099,CE
4100,CE
4101,CE
4102,CE
4103,CE
4104,CE
4105,CE
4106,CE
4107,CE
4108,CE
4109,CE
4110,CE
4111,CE
4112,CE
4113,CE
4114,CE
4115,CE
4116,CE
4117,CE
4118,CE
4119,CE
4120,CE
4121,CE
4122,CE
4123,CE
4124,CE
4125,CE
4126,CE
4127,CE
4128,CE
4129,CE
4130,CE
4131,CE
4132,CE
4133,CE
4134,CE
4135,CE
4136,CE
4137,CE
4138,CE
4139,CE
4140,CE
4141,CE
4142,CE
4143,CE
4144,CE
4145,CE
4146,CE
4147,CE
4148,CE
4149,CE
4150,CE
4151,CE
4152,CE
4153,CE
4154,CE
4155,CE
4156,CE
4157,CE
4158,CE
4159,CE
4160,CE
4161,CE
4162,CE
4163,CE
4164,CE
4165,CE
4166,CE
4167,CE
4168,CE
4169,CE
4170,CE
4171,CE
4172,CE
4173,CE
4174,CE
4175,CE
4176,CE
4177,CE
4178,CE
4179,CE
4180,CE
4181,CE
4182,CE
4183,CE
4184,CE
4185,CE
4186,CE
4187,CE
4188,CE
4189,CE
4190,CE
4191,CE
4192,CE
4193,CE
4194,CE
4195,CE
4196,CE
4197,CE
4198,CE
4199,CE
4200,CE
4201,CE
4202,CE
4203,CE
4204,CE
4205,CE
4206,??
4207,CE
4208,CE
4209,CE
4210,CE
4211,CE
4212,CE
4213,CE
4214,CE
4215,CE
4216,CE
4217,CE
4218,CE
4219,CE
4220,CE
4221,CE
4222,CE
4223,CE
4224,CE
4225,CE
4226,CE
4227,CE
4228,CE
4229,CE
4230,CE
4231,CE
4232,CE
4233,CE
4234,CE
4235,CE
4236,CE
5001,RN
5002,RN
5003,RN
5004,RN
5005,RN
5006,RN
5007,RN
5008,RN
5009,RN
5010,RN
5011,RN
5012,RN
5013,RN
5014,RN
5015,RN
5016,RN
5017,RN
5018,RN
5019,RN
5020,RN
5021,RN
5022,RN
5023,RN
5024,RN
5025,RN
5026,RN
5027,RN
5028,RN
5029,RN
5030,RN
5031,RN
5032,RN
5033,RN
5034,RN
5035,RN
5036,RN
5037,RN
5038,RN
5039,RN
5040,RN
5041,RN
5042,RN
5043,RN
5044,RN
5045,RN
5046,RN
5047,RN
5048,RN
5049,RN
5050,RN
5051,RN
5052,RN
5053,RN
5054,RN
5055,RN
5056,RN
5057,RN
5058,RN
5059,RN
5060,RN
5061,RN
5062,RN
5063,RN
5064,RN
5065,RN
5066,RN
5067,RN
5068,RN
5069,RN
5070,RN
5071,RN
5072,RN
5073,RN
5074,RN
5075,RN
5076,RN
5077,RN
5078,RN
5079,RN
5080,RN
5081,RN
5082,RN
5083,RN
5084,RN
5085,RN
5086,RN
5087,RN
5088,RN
5089,RN
5090,RN
5091,RN
5092,RN
5093,RN
5094,RN
5095,RN
5096,RN
5097,RN
5098,RN
5099,RN
5100,RN
5101,RN
5102,RN
5103,RN
5104,RN
5105,RN
5106,RN
5107,RN
5108,RN
5109,RN
5110,RN
5111,RN
5112,RN
5113,RN
5114,RN
5115,RN
5116,RN
5117,RN
5118,RN
5119,RN
5120,RN
5121,RN
5122,RN
5123,RN
5124,RN
5125,RN
5126,RN
5127,RN
5128,RN
5129,RN
5130,RN
5131,RN
5132,RN
5133,RN
5134,RN
5135,RN
5136,RN
5137,RN
5138,RN
5139,RN
5140,RN
5141,RN
5142,RN
5143,RN
5144,RN
5145,RN
5146,RN
5147,RN
6001,PB
6002,PB
6003,PB
6004,PB
6005,PB
6006,PB
6007,PB
6008,PB
6009,PB
6010,PB
6011,PB
6012,PB
6013,PB
6014,PB
6015,PB
6016,PB
6017,PB
6018,PB
6019,PB
6020,PB
6021,PB
6022,PB
6023,PB
6024,PB
6025,PB
6026,PB
6027,PB
6028,PB
6029,PB
6030,PB
6031,PB
6032,PB
6033,PB
6034,PB
6035,PB
6036,PB
6037,PB
6038,PB
6039,PB
6040,PB
6041,PB
6042,PB
6043,PB
6044,PB
6045,PB
6046,PB
6047,PB
6048,PB
6049,PB
6050,PB
6051,PB
6052,PB
6053,PB
6054,PB
6055,PB
6056,PB
6057,PB
6058,PB
6059,PB
6060,PB
6061,PB
6062,PB
6063,PB
6064,PB
6065,PB
6066,PB
6067,PB
6068,PB
6069,PB
6070,PB
6071,PB
6072,PB
6073,PB
6074,PB
6075,PB
6076,PB
6077,PB
6078,PB
6079,PB
6080,PB
6081,PB
6082,PB
6083,PB
6084,PB
6085,PB
6086,PB
6087,PB
6088,PB
6089,PB
6090,PB
6091,PB
6092,PB
6093,PB
6094,PB
6095,PB
6096,PB
6097,PB
6098,PB
6099,PB
6100,PB
6101,PB
6102,PB
6103,PB
6104,PB
6105,PB
6106,PB
6107,PB
6108,PB
6109,PB
6110,PB
6111,PB
6112,PB
6113,PB
6114,PB
6115,PB
6116,PB
6117,PB
6118,PB
6119,PB
6120,PB
6121,PB
6122,PB
6123,PB
6124,PB
6125,PB
6126,PB
6127,PB
6128,PB
6129,PB
6130,PB
6131,PB
6132,PB
6133,PB
6134,PB
6135,PB
6136,PB
6137,PB
6138,PB
6139,PB
6140,PB
6141,PB
6142,PB
6143,PB
6144,PB
6145,PB
6146,PB
6147,PB
6148,PB
6149,PB
6150,PB
6151,PB
6152,PB
6153,PB
6154,PB
6155,PB
6156,PB
6157,PB
6158,PB
6159,PB
6160,PB
6161,PB
6162,PB
6163,PB
6164,PB
6165,PB
6166,PB
6167,PB
6168,PB
6169,PB
6170,PB
7001,PE
7002,PE
7003,PE
7004,PE
7005,PE
7006,PE
7007,PE
7008,PE
7009,PE
7010,PE
7011,PE
7012,PE
7013,PE
7014,PE
7015,PE
7016,PE
7017,PE
7018,PE
7019,PE
7020,PE
7021,PE
7022,PE
7023,PE
7024,PE
7025,PE
7026,PE
7027,PE
7028,PE
7029,PE
7030,PE
7031,PE
7032,PE
7033,PE
7034,PE
7035,PE
7036,PE
7037,PE
7038,PE
7039,PE
7040,PE
7041,PE
7042,PE
7043,PE
7044,PE
7045,PE
7046,PE
7047,PE
7048,PE
7049,PE
7050,PE
7051,PE
7052,PE
7053,PE
7054,PE
7055,PE
7056,PE
7057,PE
7058,PE
7059,PE
7060,PE
7061,PE
7062,PE
7063,PE
7064,PE
7065,PE
7066,PE
7067,PE
7068,PE
7069,PE
7070,PE
7071,PE
7072,PE
7073,PE
7074,PE
7075,PE
7076,PE
7077,PE
7078,PE
7079,PE
7080,PE
7081,PE
7082,PE
7083,PE
7084,PE
7085,PE
7086,PE
7087,PE
7088,PE
7089,PE
7090,PE
7091,PE
7092,PE
7093,PE
7094,PE
7095,PE
7096,PE
7097,PE
7098,PE
7099,PE
7100,PE
7101,PE
7102,PE
7103,PE
7104,PE
7105,PE
7106,PE
7107,PE
7108,PE
7109,PE
7110,PE
7111,PE
7112,PE
7113,PE
7114,PE
7115,PE
7116,PE
7117,PE
7118,PE
7119,PE
7120,PE
7121,PE
7122,PE
7123,PE
7124,PE
7125,PE
7126,PE
7127,PE
7128,PE
7129,PE
7130,PE
7131,PE
7132,PE
7133,PE
7134,PE
7135,PE
7136,PE
7137,PE
7138,PE
7139,PE
7140,PE
7141,PE
7142,PE
7143,PE
7144,PE
7145,PE
7146,PE
7147,PE
7148,PE
7149,PE
7150,PE
7151,PE
7152,PE
7153,PE
7154,PE
7155,PE
7156,PE
7157,PE
7158,PE
7159,PE
7160,PE
7161,PE
7162,PE
7163,PE
7164,PE
7165,PE
8001,AL
8002,AL
8003,AL
8004,AL
8005,AL
8006,AL
8007,AL
8008,AL
8009,AL
8010,AL
8011,AL
8012,AL
8013,AL
8014,AL
8015,AL
8016,AL
8017,AL
8018,AL
8019,AL
8020,AL
8021,AL
8022,AL
8023,AL
8024,AL
8025,AL
8026,AL
8027,AL
8028,AL
8029,AL
8030,AL
8031,AL
8032,AL
8033,AL
8034,AL
8035,AL
8036,AL
8037,AL
8038,AL
8039,AL
8040,AL
8041,AL
8042,AL
8043,AL
8044,AL
8045,AL
8046,AL
8047,AL
8048,AL
8049,AL
8050,AL
8051,AL
8052,AL
8053,AL
8054,AL
8055,AL
8056,AL
8057,AL
8058,AL
8059,AL
8060,AL
8061,AL
8062,AL
8063,AL
8064,AL
8065,AL
8066,AL
8067,AL
8068,AL
8069,AL
8070,AL
8071,AL
8072,AL
8073,AL
8074,AL
8075,AL
8076,AL
8077,AL
8078,AL
8079,AL
8080,AL
8081,AL
8082,AL
8083,AL
8084,AL
8085,AL
8086,AL
8087,AL
8088,AL
8089,AL
8090,AL
8091,AL
8092,AL
8093,AL
9001,SE
9002,SE
9003,SE
9004,SE
9005,SE
9006,SE
9007,SE
9008,SE
9009,SE
9010,SE
9011,SE
9012,SE
9013,SE
9014,SE
9015,SE
9016,SE
9017,SE
9018,SE
9019,SE
9020,SE
9021,SE
9022,SE
9023,SE
9024,SE
9025,SE
9026,SE
9027,SE
9028,SE
9029,SE
9030,SE
9031,SE
9032,SE
9033,SE
9034,SE
9035,SE
9036,SE
9037,SE
9038,SE
9039,SE
9040,SE
9041,SE
9042,SE
9043,SE
9044,SE
9045,SE
9046,SE
9047,SE
9048,SE
9049,SE
9050,SE
9051,SE
9052,SE
9053,SE
9054,SE
9055,SE
9056,SE
9057,SE
9058,SE
9059,SE
9060,SE
9061,SE
9062,SE
9063,SE
9064,SE
9065,SE
9066,SE
9067,SE
9068,SE
9069,SE
9070,SE
9071,SE
9072,SE
9073,SE
9074,SE
10001,BA
10002,BA
10003,BA
10004,BA
10005,BA
10006,BA
10007,BA
10008,BA
10009,BA
10010,BA
10011,BA
10012,BA
10013,BA
10014,BA
10015,BA
10016,BA
10017,BA
10018,BA
10019,BA
10020,BA
10021,BA
10022,BA
10023,BA
10024,BA
10025,BA
10026,BA
10027,BA
10028,BA
10029,BA
10030,BA
10031,BA
10032,BA
10033,BA
10034,BA
10035,BA
10036,BA
10037,BA
10038,BA
10039,BA
10040,BA
10041,BA
10042,BA
10043,BA
10044,BA
10045,BA
10046,BA
10047,BA
10048,BA
10049,BA
10050,BA
10051,BA
10052,BA
10053,BA
10054,BA
10055,BA
10056,BA
10057,BA
10058,BA
10059,BA
10060,BA
10061,BA
10062,BA
10063,BA
10064,BA
10065,BA
10066,BA
10067,BA
10068,BA
10069,BA
10070,BA
10071,BA
10072,BA
10073,BA
10074,BA
10075,BA
10076,BA
10077,BA
10078,BA
10079,BA
10080,BA
10081,BA
10082,BA
10083,BA
10084,BA
10085,BA
10086,BA
10087,BA
10088,BA
10089,BA
10090,BA
10091,BA
10092,BA
10093,BA
10094,BA
10095,BA
10096,BA
10097,BA
10098,BA
10099,BA
10100,BA
10101,BA
10102,BA
10103,BA
10104,BA
10105,BA
10106,BA
10107,BA
10108,BA
10109,BA
10110,BA
10111,BA
10112,BA
10113,BA
10114,BA
10115,BA
10116,BA
10117,BA
10118,BA
10119,BA
10120,BA
10121,BA
10122,BA
10123,BA
10124,BA
10125,BA
10126,BA
10127,BA
10128,BA
10129,BA
10130,BA
10131,BA
10132,BA
10133,BA
10134,BA
10135,BA
10136,BA
10137,BA
10138,BA
10139,BA
10140,BA
10141,BA
10142,BA
10143,BA
10144,BA
10145,BA
10146,BA
10147,BA
10148,BA
10149,BA
10150,BA
10151,BA
10152,BA
10153,BA
10154,BA
10155,BA
10156,BA
10157,BA
10158,BA
10159,BA
10160,BA
10161,BA
10162,BA
10163,BA
10164,BA
10165,BA
10166,BA
10167,BA
10168,BA
10169,BA
10170,BA
10171,BA
10172,BA
10173,BA
10174,BA
10175,BA
10176,BA
10177,BA
10178,BA
10179,BA
10180,BA
10181,BA
10182,BA
10183,BA
10184,BA
10185,BA
10186,BA
10187,BA
10188,BA
10189,BA
10190,BA
10191,BA
10192,BA
10193,BA
10194,BA
10195,BA
10196,BA
10197,BA
10198,BA
10199,BA
10200,BA
10201,BA
10202,BA
10203,BA
10204,BA
10205,BA
10206,BA
10207,BA
10208,BA
10209,BA
10210,BA
10211,BA
10212,BA
10213,BA
10214,BA
10215,BA
10216,BA
10217,BA
10218,BA
10219,BA
10220,BA
10221,BA
10222,BA
10223,BA
10224,BA
10225,BA
10226,BA
10227,BA
10228,BA
10229,BA
10230,BA
10231,BA
10232,BA
10233,BA
10234,BA
10235,BA
10236,BA
10237,BA
10238,BA
10239,BA
10240,BA
10241,BA
10242,BA
10243,BA
10244,BA
10245,BA
10246,BA
10247,BA
10248,BA
10249,BA
10250,BA
10251,BA
10252,BA
10253,BA
10254,BA
10255,BA
10256,BA
10257,BA
10258,BA
10259,BA
10260,BA
10261,BA
10262,BA
10263,BA
10264,BA
10265,BA
10266,BA
10267,BA
10268,BA
10269,BA
10270,BA
10271,BA
10272,BA
10273,BA
10274,BA
10275,BA
10276,BA
10277,BA
10278,BA
10279,BA
10280,BA
10281,BA
10282,BA
10283,BA
10284,BA
10285,BA
10286,BA
10287,BA
10288,BA
10289,BA
10290,BA
10291,BA
10292,BA
10293,BA
10294,BA
10295,BA
10296,BA
10297,BA
10298,BA
10299,BA
10300,BA
10301,BA
10302,BA
10303,BA
10304,BA
10305,BA
10306,BA
10307,BA
10308,BA
10309,BA
10310,BA
10311,BA
10312,BA
10313,BA
10314,BA
10315,BA
10316,BA
10317,BA
10318,BA
10319,BA
10320,BA
10321,BA
10322,BA
10323,BA
10324,BA
10325,BA
10326,BA
10327,BA
10328,BA
10329,BA
10330,BA
10331,BA
10332,BA
10333,BA
10334,BA
10335,BA
10336,BA
11001,MG
11002,MG
11003,MG
11004,MG
11005,MG
11006,MG
11007,MG
11008,MG
11009,MG
11010,MG
11011,MG
11012,MG
11013,MG
11014,MG
11015,MG
11016,MG
11017,MG
11018,MG
11019,MG
11020,MG
11021,MG
11022,MG
11023,MG
11024,MG
11025,MG
11026,MG
11027,MG
11028,MG
11029,MG
11030,MG
11031,MG
11032,MG
11033,MG
11034,MG
11035,MG
11036,MG
11037,MG
11038,MG
11039,MG
11040,MG
11041,MG
11042,MG
11043,MG
11044,MG
11045,MG
11046,MG
11047,MG
11048,MG
11049,MG
11050,MG
11051,MG
11052,MG
11053,MG
11054,MG
11055,MG
11056,MG
11057,MG
11058,MG
11059,MG
11060,MG
11061,MG
11062,MG
11063,MG
11064,MG
11065,MG
11066,MG
11067,MG
11068,MG
11069,MG
11070,MG
11071,MG
11072,MG
11073,MG
11074,MG
11075,MG
11076,MG
11077,MG
11078,MG
11079,MG
11080,MG
11081,MG
11082,MG
11083,MG
11084,MG
11085,MG
11086,MG
11087,MG
11088,MG
11089,MG
11090,MG
11091,MG
11092,MG
11093,MG
11094,MG
11095,MG
11096,MG
11097,MG
11098,MG
11099,MG
11100,MG
11101,MG
11102,MG
11103,MG
11104,MG
11105,MG
11106,MG
11107,MG
11108,MG
11109,MG
11110,MG
11111,MG
11112,MG
11113,MG
11114,MG
11115,MG
11116,MG
11117,MG
11118,MG
11119,MG
11120,MG
11121,MG
11122,MG
11123,MG
11124,MG
11125,MG
11126,MG
11127,MG
11128,MG
11129,MG
11130,MG
11131,MG
11132,MG
11133,MG
11134,MG
11135,MG
11136,MG
11137,MG
11138,MG
11139,MG
11140,MG
11141,MG
11142,MG
11143,MG
11144,MG
11145,MG
11146,MG
11147,MG
11148,MG
11149,MG
11150,MG
11151,MG
11152,MG
11153,MG
11154,MG
11155,MG
11156,MG
11157,MG
11158,MG
11159,MG
11160,MG
11161,MG
11162,MG
11163,MG
11164,MG
11165,MG
11166,MG
11167,MG
11168,MG
11169,MG
11170,MG
11171,MG
11172,MG
11173,MG
11174,MG
11175,MG
11176,MG
11177,MG
11178,MG
11179,MG
11180,MG
11181,MG
11182,MG
11183,MG
11184,MG
11185,MG
11186,MG
11187,MG
11188,MG
11189,MG
11190,MG
11191,MG
11192,MG
11193,MG
11194,MG
11195,MG
11196,MG
11197,MG
11198,MG
11199,MG
11200,MG
11201,MG
11202,MG
11203,MG
11204,MG
11205,MG
11206,MG
11207,MG
11208,MG
11209,MG
11210,MG
11211,MG
11212,MG
11213,MG
11214,MG
11215,MG
11216,MG
11217,MG
11218,MG
11219,MG
11220,MG
11221,MG
11222,MG
11223,MG
11224,MG
11225,MG
11226,MG
11227,MG
11228,MG
11229,MG
11230,MG
11231,MG
11232,MG
11233,MG
11234,MG
11235,MG
11236,MG
11237,MG
11238,MG
11239,MG
11240,MG
11241,MG
11242,MG
11243,MG
11244,MG
11245,MG
11246,MG
11247,MG
11248,MG
11249,MG
11250,MG
11251,MG
11252,MG
11253,MG
11254,MG
11255,MG
11256,MG
11257,MG
11258,MG
11259,MG
11260,MG
11261,MG
11262,MG
11263,MG
11264,MG
11265,MG
11266,MG
11267,MG
11268,MG
11269,MG
11270,MG
11271,MG
11272,MG
11273,MG
11274,MG
11275,MG
11276,MG
11277,MG
11278,MG
11279,MG
11280,MG
11281,MG
11282,MG
11283,MG
11284,MG
11285,MG
11286,MG
11287,MG
11288,MG
11289,MG
11290,MG
11291,MG
11292,MG
11293,MG
11294,MG
11295,MG
11296,MG
11297,MG
11298,MG
11299,MG
11300,MG
11301,MG
11302,MG
11303,MG
11304,MG
11305,MG
11306,MG
11307,MG
11308,MG
11309,MG
11310,MG
11311,MG
11312,MG
11313,MG
11314,MG
11315,MG
11316,MG
11317,MG
11318,MG
11319,MG
11320,MG
11321,MG
11322,MG
11323,MG
11324,MG
11325,MG
11326,MG
11327,MG
11328,MG
11329,MG
11330,MG
11331,MG
11332,MG
11333,MG
11334,MG
11335,MG
11336,MG
11337,MG
11338,MG
11339,MG
11340,MG
11341,MG
11342,MG
11343,MG
11344,MG
11345,MG
11346,MG
11347,MG
11348,MG
11349,MG
11350,MG
11351,MG
11352,MG
11353,MG
11354,MG
11355,MG
11356,MG
11357,MG
11358,MG
11359,MG
11360,MG
11361,MG
11362,MG
11363,MG
11364,MG
11365,MG
11366,MG
11367,MG
11368,MG
11369,MG
11370,MG
11371,MG
11372,MG
11373,MG
11374,MG
11375,MG
11376,MG
11377,MG
11378,MG
11379,MG
11380,MG
11381,MG
11382,MG
11383,MG
11384,MG
11385,MG
11386,MG
11387,MG
11388,MG
11389,MG
11390,MG
11391,MG
11392,MG
11393,MG
11394,MG
11395,MG
11396,MG
11397,MG
11398,MG
11399,MG
11400,MG
11401,MG
11402,MG
11403,MG
11404,MG
11405,MG
11406,MG
11407,MG
11408,MG
11409,MG
11410,MG
11411,MG
11412,MG
11413,MG
11414,MG
11415,MG
11416,MG
11417,MG
11418,MG
11419,MG
11420,MG
11421,MG
11422,MG
11423,MG
11424,MG
11425,MG
11426,MG
11427,MG
11428,MG
11429,MG
11430,MG
11431,MG
11432,MG
11433,MG
11434,MG
11435,MG
11436,MG
11437,MG
11438,MG
11439,MG
11440,MG
11441,MG
11442,MG
11443,MG
11444,MG
11445,MG
11446,MG
11447,MG
11448,MG
11449,MG
11450,MG
11451,MG
11452,MG
11453,MG
11454,MG
11455,MG
11456,MG
11457,MG
11458,MG
11459,MG
11460,MG
11461,MG
11462,MG
11463,MG
11464,MG
11465,MG
11466,MG
11467,MG
11468,MG
11469,MG
11470,MG
11471,MG
11472,MG
11473,MG
11474,MG
11475,MG
11476,MG
11477,MG
11478,MG
11479,MG
11480,MG
11481,MG
11482,MG
11483,MG
11484,MG
11485,MG
11486,MG
11487,MG
11488,MG
11489,MG
11490,MG
11491,MG
11492,MG
11493,MG
11494,MG
11495,MG
11496,MG
11497,MG
11498,MG
11499,MG
11500,MG
11501,MG
11502,MG
11503,MG
11504,MG
11505,MG
11506,MG
11507,MG
11508,MG
11509,MG
11510,MG
11511,MG
11512,MG
11513,MG
11514,MG
11515,MG
11516,MG
11517,MG
11518,MG
11519,MG
11520,MG
11521,MG
11522,MG
11523,MG
11524,MG
11525,MG
11526,MG
11527,MG
11528,MG
11529,MG
11530,MG
11531,MG
11532,MG
11533,MG
11534,MG
11535,MG
11536,MG
11537,MG
11538,MG
11539,MG
11540,MG
11541,MG
11542,MG
11543,MG
11544,MG
11545,MG
11546,MG
11547,MG
11548,MG
11549,MG
11550,MG
11551,MG
11552,MG
11553,MG
11554,MG
11555,MG
11556,MG
11557,MG
11558,MG
11559,MG
11560,MG
11561,MG
11562,MG
11563,MG
11564,MG
11565,MG
11566,MG
11567,MG
11568,MG
11569,MG
11570,MG
11571,MG
11572,MG
11573,MG
11574,MG
11575,MG
11576,MG
11577,MG
11578,MG
11579,MG
11580,MG
11581,MG
11582,MG
11583,MG
11584,MG
11585,MG
11586,MG
11587,MG
11588,MG
11589,MG
11590,MG
11591,MG
11592,MG
11593,MG
11594,MG
11595,MG
11596,MG
11597,MG
11598,MG
11599,MG
11600,MG
11601,MG
11602,MG
11603,MG
11604,MG
11605,MG
11606,MG
11607,MG
11608,MG
11609,MG
11610,MG
11611,MG
11612,MG
11613,MG
11614,MG
11615,MG
11616,MG
11617,MG
11618,MG
11619,MG
11620,MG
11621,MG
11622,MG
11623,MG
11624,MG
11625,MG
11626,MG
11627,MG
11628,MG
11629,MG
11630,MG
11631,MG
11632,MG
11633,MG
11634,MG
11635,MG
11636,MG
11637,MG
11638,MG
11639,MG
11640,MG
11641,MG
11642,MG
11643,MG
11644,MG
11645,MG
11646,MG
11647,MG
11648,MG
11649,MG
11650,MG
11651,MG
11652,MG
11653,MG
11654,MG
11655,MG
11656,MG
11657,MG
11658,MG
11659,MG
11660,MG
11661,MG
11662,MG
11663,MG
11664,MG
11665,MG
11666,MG
11667,MG
11668,MG
11669,MG
11670,MG
11671,MG
11672,MG
11673,MG
11674,MG
11675,MG
11676,MG
11677,MG
11678,MG
11679,MG
11680,MG
11681,MG
11682,MG
11683,MG
11684,MG
11685,MG
11686,MG
11687,MG
11688,MG
11689,MG
11690,MG
11691,MG
11692,MG
11693,MG
11694,MG
11695,MG
11696,MG
11697,MG
11698,MG
11699,MG
11700,MG
11701,MG
11702,MG
11703,MG
11704,MG
11705,MG
11706,MG
11707,MG
11708,MG
11709,MG
11710,MG
11711,MG
11712,MG
11713,MG
11714,MG
11715,MG
11716,MG
11717,MG
11718,MG
11719,MG
11720,MG
11721,ES
11722,ES
11723,ES
11724,ES
11725,ES
11726,ES
11727,ES
11728,ES
11729,ES
11730,ES
11731,ES
11732,ES
11733,ES
11734,ES
11735,ES
11736,ES
11737,ES
11738,ES
11739,ES
11740,ES
11741,ES
11742,ES
11743,ES
11744,ES
11745,ES
11746,ES
11747,ES
11748,ES
11749,ES
11750,ES
11751,ES
11752,ES
11753,ES
11754,ES
11755,ES
11756,ES
11757,ES
11758,ES
11759,ES
11760,ES
11761,ES
11762,ES
11763,ES
11764,ES
11765,ES
11766,ES
11767,ES
11768,ES
11769,ES
11770,ES
11771,ES
12001,RJ
12002,RJ
12003,RJ
12004,RJ
12005,RJ
12006,RJ
12007,RJ
12008,RJ
12009,RJ
12010,RJ
12011,RJ
12012,RJ
12013,RJ
12014,RJ
12015,RJ
12016,RJ
12017,RJ
12018,RJ
12019,RJ
12020,RJ
12021,RJ
12022,RJ
12023,RJ
12024,RJ
12025,RJ
12026,RJ
12027,RJ
12028,RJ
12029,RJ
12030,RJ
12031,RJ
12032,RJ
12033,RJ
12034,RJ
12035,RJ
12036,RJ
12037,RJ
12038,RJ
12039,RJ
12040,RJ
12041,RJ
12042,RJ
12043,RJ
12044,RJ
12045,RJ
12046,RJ
12047,RJ
12048,RJ
12049,RJ
12050,RJ
12051,RJ
12052,RJ
12053,RJ
12054,RJ
12055,RJ
12056,RJ
12057,RJ
12058,RJ
12059,RJ
12060,RJ
12061,RJ
12062,RJ
12063,RJ
12064,RJ
13001,SP
13002,SP
13003,SP
13004,SP
13005,SP
13006,SP
13007,SP
13008,SP
13009,SP
13010,SP
13011,SP
13012,SP
13013,SP
13014,SP
13015,SP
13016,SP
13017,SP
13018,SP
13019,SP
13020,SP
13021,SP
13022,SP
13023,SP
13024,SP
13025,SP
13026,SP
13027,SP
13028,SP
13029,SP
13030,SP
13031,SP
13032,SP
13033,SP
13034,SP
13035,SP
13036,SP
13037,SP
13038,SP
13039,SP
13040,SP
13041,SP
13042,SP
13043,SP
13044,SP
13045,SP
13046,SP
13047,SP
13048,SP
13049,SP
13050,SP
13051,SP
13052,SP
13053,SP
13054,SP
13055,SP
13056,SP
13057,SP
13058,SP
13059,SP
13060,SP
13061,SP
13062,SP
13063,SP
13064,SP
13065,SP
13066,SP
13067,SP
13068,SP
13069,SP
13070,SP
13071,SP
13072,SP
13073,SP
13074,SP
13075,SP
13076,SP
13077,SP
13078,SP
13079,SP
13080,SP
13081,SP
13082,SP
13083,SP
13084,SP
13085,SP
13086,SP
13087,SP
13088,SP
13089,SP
13090,SP
13091,SP
13092,SP
13093,SP
13094,SP
13095,SP
13096,SP
13097,SP
13098,SP
13099,SP
13100,SP
13101,SP
13102,SP
13103,SP
13104,SP
13105,SP
13106,SP
13107,SP
13108,SP
13109,SP
13110,SP
13111,SP
13112,SP
13113,SP
13114,SP
13115,SP
13116,SP
13117,SP
13118,SP
13119,SP
13120,SP
13121,SP
13122,SP
13123,SP
13124,SP
13125,SP
13126,SP
13127,SP
13128,SP
13129,SP
13130,SP
13131,SP
13132,SP
13133,SP
13134,SP
13135,SP
13136,SP
13137,SP
13138,SP
13139,SP
13140,SP
13141,SP
13142,SP
13143,SP
13144,SP
13145,SP
13146,SP
13147,SP
13148,SP
13149,SP
13150,SP
13151,SP
13152,SP
13153,SP
13154,SP
13155,SP
13156,SP
13157,SP
13158,SP
13159,SP
13160,SP
13161,SP
13162,SP
13163,SP
13164,SP
13165,SP
13166,SP
13167,SP
13168,SP
13169,SP
13170,SP
13171,SP
13172,SP
13173,SP
13174,SP
13175,SP
13176,SP
13177,SP
13178,SP
13179,SP
13180,SP
13181,SP
13182,SP
13183,SP
13184,SP
13185,SP
13186,SP
13187,SP
13188,SP
13189,SP
13190,SP
13191,SP
13192,SP
13193,SP
13194,SP
13195,SP
13196,SP
13197,SP
13198,SP
13199,SP
13200,SP
13201,SP
13202,SP
13203,SP
13204,SP
13205,SP
13206,SP
13207,SP
13208,SP
13209,SP
13210,SP
13211,SP
13212,SP
13213,SP
13214,SP
13215,SP
13216,SP
13217,SP
13218,SP
13219,SP
13220,SP
13221,SP
13222,SP
13223,SP
13224,SP
13225,SP
13226,SP
13227,SP
13228,SP
13229,SP
13230,SP
13231,SP
13232,SP
13233,SP
13234,SP
13235,SP
13236,SP
13237,SP
13238,SP
13239,SP
13240,SP
13241,SP
13242,SP
13243,SP
13244,SP
13245,SP
13246,SP
13247,SP
13248,SP
13249,SP
13250,SP
13251,SP
13252,SP
13253,SP
13254,SP
13255,SP
13256,SP
13257,SP
13258,SP
13259,SP
13260,SP
13261,SP
13262,SP
13263,SP
13264,SP
13265,SP
13266,SP
13267,SP
13268,SP
13269,SP
13270,SP
13271,SP
13272,SP
13273,SP
13274,SP
13275,SP
13276,SP
13277,SP
13278,SP
13279,SP
13280,SP
13281,SP
13282,SP
13283,SP
13284,SP
13285,SP
13286,SP
13287,SP
13288,SP
13289,SP
13290,SP
13291,SP
13292,SP
13293,SP
13294,SP
13295,SP
13296,SP
13297,SP
13298,SP
13299,SP
13300,SP
13301,SP
13302,SP
13303,SP
13304,SP
13305,SP
13306,SP
13307,SP
13308,SP
13309,SP
13310,SP
13311,SP
13312,SP
13313,SP
13314,SP
13315,SP
13316,SP
13317,SP
13318,SP
13319,SP
13320,SP
13321,SP
13322,SP
13323,SP
13324,SP
13325,SP
13326,SP
13327,SP
13328,SP
13329,SP
13330,SP
13331,SP
13332,SP
13333,SP
13334,SP
13335,SP
13336,SP
13337,SP
13338,SP
13339,SP
13340,SP
13341,SP
13342,SP
13343,SP
13344,SP
13345,SP
13346,SP
13347,SP
13348,SP
13349,SP
13350,SP
13351,SP
13352,SP
13353,SP
13354,SP
13355,SP
13356,SP
13357,SP
13358,SP
13359,SP
13360,SP
13361,SP
13362,SP
13363,SP
13364,SP
13365,SP
13366,SP
13367,SP
13368,SP
13369,SP
13370,SP
13371,SP
13372,SP
13373,SP
13374,SP
13375,SP
13376,SP
13377,SP
13378,SP
13379,SP
13380,SP
13381,SP
13382,SP
13383,SP
13384,SP
13385,SP
13386,SP
13387,SP
13388,SP
13389,SP
13390,SP
13391,SP
13392,SP
13393,SP
13394,SP
13395,SP
13396,SP
13397,SP
13398,SP
13399,SP
13400,SP
13401,SP
13402,SP
13403,SP
13404,SP
13405,SP
13406,SP
13407,SP
13408,SP
13409,SP
13410,SP
13411,SP
13412,SP
13413,SP
13414,SP
13415,SP
13416,SP
13417,SP
13418,SP
13419,SP
13420,SP
13421,SP
13422,SP
13423,SP
13424,SP
13425,SP
13426,SP
13427,SP
13428,SP
13429,SP
13430,SP
13431,SP
13432,SP
13433,SP
13434,SP
13435,SP
13436,SP
13437,SP
13438,SP
13439,SP
13440,SP
13441,SP
13442,SP
13443,SP
13444,SP
13445,SP
13446,SP
13447,SP
13448,SP
13449,SP
13450,SP
13451,SP
13452,SP
13453,SP
13454,SP
13455,SP
13456,SP
13457,SP
13458,SP
13459,SP
13460,SP
13461,SP
13462,SP
13463,SP
13464,SP
13465,SP
13466,SP
13467,SP
13468,SP
13469,SP
13470,SP
13471,SP
13472,SP
13473,SP
13474,SP
13475,SP
13476,SP
13477,SP
13478,SP
13479,SP
13480,SP
13481,SP
13482,SP
13483,SP
13484,SP
13485,SP
13486,SP
13487,SP
13488,SP
13489,SP
13490,SP
13491,SP
13492,SP
13493,SP
13494,SP
13495,SP
13496,SP
13497,SP
13498,SP
13499,SP
13500,SP
13501,SP
13502,SP
13503,SP
13504,SP
13505,SP
13506,SP
13507,SP
13508,SP
13509,SP
13510,SP
13511,SP
13512,SP
13513,SP
13514,SP
13515,SP
13516,SP
13517,SP
13518,SP
13519,SP
13520,SP
13521,SP
13522,SP
13523,SP
13524,SP
13525,SP
13526,SP
13527,SP
13528,SP
13529,SP
13530,SP
13531,SP
13532,SP
13533,SP
13534,SP
13535,SP
13536,SP
13537,SP
13538,SP
13539,SP
13540,SP
13541,SP
13542,SP
13543,SP
13544,SP
13545,SP
13546,SP
13547,SP
13548,SP
13549,SP
13550,SP
13551,SP
13552,SP
13553,SP
13554,SP
13555,SP
13556,SP
13557,SP
13558,SP
13559,SP
13560,SP
13561,SP
13562,SP
13563,SP
13564,SP
13565,SP
13566,SP
13567,SP
13568,SP
13569,SP
13570,SP
14001,PR
14002,PR
14003,PR
14004,PR
14005,PR
14006,PR
14007,PR
14008,PR
14009,PR
14010,PR
14011,PR
14012,PR
14013,PR
14014,PR
14015,PR
14016,PR
14017,PR
14018,PR
14019,PR
14020,PR
14021,PR
14022,PR
14023,PR
14024,PR
14025,PR
14026,PR
14027,PR
14028,PR
14029,PR
14030,PR
14031,PR
14032,PR
14033,PR
14034,PR
14035,PR
14036,PR
14037,PR
14038,PR
14039,PR
14040,PR
14041,PR
14042,PR
14043,PR
14044,PR
14045,PR
14046,PR
14047,PR
14048,PR
14049,PR
14050,PR
14051,PR
14052,PR
14053,PR
14054,PR
14055,PR
14056,PR
14057,PR
14058,PR
14059,PR
14060,PR
14061,PR
14062,PR
14063,PR
14064,PR
14065,PR
14066,PR
14067,PR
14068,PR
14069,PR
14070,PR
14071,PR
14072,PR
14073,PR
14074,PR
14075,PR
14076,PR
14077,PR
14078,PR
14079,PR
14080,PR
14081,PR
14082,PR
14083,PR
14084,PR
14085,PR
14086,PR
14087,PR
14088,PR
14089,PR
14090,PR
14091,PR
14092,PR
14093,PR
14094,PR
14095,PR
14096,PR
14097,PR
14098,PR
14099,PR
14100,PR
14101,PR
14102,PR
14103,PR
14104,PR
14105,PR
14106,PR
14107,PR
14108,PR
14109,PR
14110,PR
14111,PR
14112,PR
14113,PR
14114,PR
14115,PR
14116,PR
14117,PR
14118,PR
14119,PR
14120,PR
14121,PR
14122,PR
14123,PR
14124,PR
14125,PR
14126,PR
14127,PR
14128,PR
14129,PR
14130,PR
14131,PR
14132,PR
14133,PR
14134,PR
14135,PR
14136,PR
14137,PR
14138,PR
14139,PR
14140,PR
14141,PR
14142,PR
14143,PR
14144,PR
14145,PR
14146,PR
14147,PR
14148,PR
14149,PR
14150,PR
14151,PR
14152,PR
14153,PR
14154,PR
14155,PR
14156,PR
14157,PR
14158,PR
14159,PR
14160,PR
14161,PR
14162,PR
14163,PR
14164,PR
14165,PR
14166,PR
14167,PR
14168,PR
14169,PR
14170,PR
14171,PR
14172,PR
14173,PR
14174,PR
14175,PR
14176,PR
14177,PR
14178,PR
14179,PR
14180,PR
14181,PR
14182,PR
14183,PR
14184,PR
14185,PR
14186,PR
14187,PR
14188,PR
14189,PR
14190,PR
14191,PR
14192,PR
14193,PR
14194,PR
14195,PR
14196,PR
14197,PR
14198,PR
14199,PR
14200,PR
14201,PR
14202,PR
14203,PR
14204,PR
14205,PR
14206,PR
14207,PR
14208,PR
14209,PR
14210,PR
14211,PR
14212,PR
14213,PR
14214,PR
14215,PR
14216,PR
14217,PR
14218,PR
14219,PR
14220,PR
14221,PR
14222,PR
14223,PR
14224,PR
14225,PR
14226,PR
14227,PR
14228,PR
14229,PR
14230,PR
14231,PR
14232,PR
14233,PR
14234,PR
14235,PR
14236,PR
14237,PR
14238,PR
14239,PR
14240,PR
14241,PR
14242,PR
14243,PR
14244,PR
14245,PR
14246,PR
14247,PR
14248,PR
14249,PR
14250,PR
14251,PR
14252,PR
14253,PR
14254,PR
14255,PR
14256,PR
14257,PR
14258,PR
14259,PR
14260,PR
14261,PR
14262,PR
14263,PR
14264,PR
14265,PR
14266,PR
14267,PR
14268,PR
14269,PR
14270,PR
14271,PR
14272,PR
14273,PR
14274,PR
14275,PR
14276,PR
14277,PR
14278,PR
14279,PR
14280,PR
14281,PR
14282,PR
14283,PR
14284,PR
14285,PR
14286,PR
14287,PR
14288,SC
14289,SC
14290,SC
14291,SC
14292,SC
14293,SC
14294,SC
14295,SC
14296,SC
14297,SC
14298,SC
14299,SC
14300,SC
14301,SC
14302,SC
14303,SC
14304,SC
14305,SC
14306,SC
14307,SC
14308,SC
14309,SC
14310,SC
14311,SC
14312,SC
14313,SC
14314,SC
14315,SC
14316,SC
14317,SC
14318,SC
14319,SC
14320,SC
14321,SC
14322,SC
14323,SC
14324,SC
14325,SC
14326,SC
14327,SC
14328,SC
14329,SC
14330,SC
14331,SC
14332,SC
14333,SC
14334,SC
14335,SC
14336,SC
14337,SC
14338,SC
14339,SC
14340,SC
14341,SC
14342,SC
14343,SC
14344,SC
14345,SC
14346,SC
14347,SC
14348,SC
14349,SC
14350,SC
14351,SC
14352,SC
14353,SC
14354,SC
14355,SC
14356,SC
14357,SC
14358,SC
14359,SC
14360,SC
14361,SC
14362,SC
14363,SC
14364,SC
14365,SC
14366,SC
14367,SC
14368,SC
14369,SC
14370,SC
14371,SC
14372,SC
14373,SC
14374,SC
14375,SC
14376,SC
14377,SC
14378,SC
14379,SC
14380,SC
14381,SC
14382,SC
14383,SC
14384,SC
14385,SC
14386,SC
14387,SC
14388,SC
14389,SC
14390,SC
14391,SC
14392,SC
14393,SC
14394,SC
14395,SC
14396,SC
14397,SC
14398,SC
14399,SC
14400,SC
14401,SC
14402,SC
14403,SC
14404,SC
14405,SC
14406,SC
14407,SC
14408,SC
14409,SC
14410,SC
14411,SC
14412,SC
14413,SC
14414,SC
14415,SC
14416,SC
14417,SC
14418,SC
14419,SC
14420,SC
14421,SC
14422,SC
14423,SC
14424,SC
14425,SC
14426,SC
14427,SC
14428,SC
14429,SC
14430,SC
14431,SC
14432,SC
14433,SC
14434,SC
14435,SC
14436,SC
14437,SC
14438,SC
14439,SC
14440,SC
14441,SC
14442,SC
14443,SC
14444,SC
14445,SC
14446,SC
14447,SC
14448,SC
14449,SC
14450,SC
14451,SC
14452,SC
14453,SC
14454,SC
14455,SC
14456,SC
14457,SC
14458,SC
14459,SC
14460,SC
14461,SC
14462,SC
14463,SC
14464,SC
14465,SC
14466,SC
14467,SC
14468,SC
14469,SC
14470,SC
14471,SC
14472,SC
14473,SC
14474,SC
14475,SC
14476,SC
14477,SC
14478,SC
14479,SC
14480,SC
15001,RS
15002,RS
15003,RS
15004,RS
15005,RS
15006,RS
15007,RS
15008,RS
15009,RS
15010,RS
15011,RS
15012,RS
15013,RS
15014,RS
15015,RS
15016,RS
15017,RS
15018,RS
15019,RS
15020,RS
15021,RS
15022,RS
15023,RS
15024,RS
15025,RS
15026,RS
15027,RS
15028,RS
15029,RS
15030,RS
15031,RS
15032,RS
15033,RS
15034,RS
15035,RS
15036,RS
15037,RS
15038,RS
15039,RS
15040,RS
15041,RS
15042,RS
15043,RS
15044,RS
15045,RS
15046,RS
15047,RS
15048,RS
15049,RS
15050,RS
15051,RS
15052,RS
15053,RS
15054,RS
15055,RS
15056,RS
15057,RS
15058,RS
15059,RS
15060,RS
15061,RS
15062,RS
15063,RS
15064,RS
15065,RS
15066,RS
15067,RS
15068,RS
15069,RS
15070,RS
15071,RS
15072,RS
15073,RS
15074,RS
15075,RS
15076,RS
15077,RS
15078,RS
15079,RS
15080,RS
15081,RS
15082,RS
15083,RS
15084,RS
15085,RS
15086,RS
15087,RS
15088,RS
15089,RS
15090,RS
15091,RS
15092,RS
15093,RS
15094,RS
15095,RS
15096,RS
15097,RS
15098,RS
15099,RS
15100,RS
15101,RS
15102,RS
15103,RS
15104,RS
15105,RS
15106,RS
15107,RS
15108,RS
15109,RS
15110,RS
15111,RS
15112,RS
15113,RS
15114,RS
15115,RS
15116,RS
15117,RS
15118,RS
15119,RS
15120,RS
15121,RS
15122,RS
15123,RS
15124,RS
15125,RS
15126,RS
15127,RS
15128,RS
15129,RS
15130,RS
15131,RS
15132,RS
15133,RS
15134,RS
15135,RS
15136,RS
15137,RS
15138,RS
15139,RS
15140,RS
15141,RS
15142,RS
15143,RS
15144,RS
15145,RS
15146,RS
15147,RS
15148,RS
15149,RS
15150,RS
15151,RS
15152,RS
15153,RS
15154,RS
15155,RS
15156,RS
15157,RS
15158,RS
15159,RS
15160,RS
15161,RS
15162,RS
15163,RS
15164,RS
15165,RS
15166,RS
15167,RS
15168,RS
15169,RS
15170,RS
15171,RS
15172,RS
15173,RS
15174,RS
15175,RS
15176,RS
15177,RS
15178,RS
15179,RS
15180,RS
15181,RS
15182,RS
15183,RS
15184,RS
15185,RS
15186,RS
15187,RS
15188,RS
15189,RS
1047,MS
1048,MS
1049,MS
1050,MS
1051,MS
1052,MS
1053,MS
1054,MS
1055,MS
1056,MS
1057,MS
1058,MS
1059,MS
1060,MS
1061,MS
1062,MS
1063,MS
1064,MS
1065,MS
1066,MS
1067,MS
1068,MS
1069,MS
1070,MS
1071,MS
1072,MS
1073,MS
1074,MS
1075,MS
1076,MS
1077,MS
1078,MS
1079,MS
1080,MS
1081,MS
1082,MS
1083,MS
1084,MS
1085,MS
1086,MS
1087,MS
1088,MS
1089,MS
1090,MS
1091,MS
1092,MS
1093,MS
1094,MS
1095,MS
1096,MT
1097,MT
1098,MT
1099,MT
1100,MT
1101,MT
1102,MT
1103,MT
1104,MT
1105,MT
1106,MT
1107,MT
1108,MT
1109,MT
1110,MT
1111,MT
1112,MT
1113,MT
1114,MT
1115,MT
1116,MT
1117,MT
1118,MT
1119,MT
16039,GO
16040,GO
16041,GO
16042,GO
16043,GO
16044,GO
16045,GO
16046,GO
16047,GO
16048,GO
16049,GO
16050,GO
16051,GO
16052,GO
16053,GO
16054,GO
16055,GO
16056,GO
16057,GO
16058,GO
16059,GO
16060,GO
16061,GO
16062,GO
16063,GO
16064,GO
16065,GO
16066,GO
16067,GO
16068,GO
16069,GO
16070,GO
16071,GO
16072,GO
16073,GO
16074,GO
16075,GO
16076,GO
16077,GO
16078,GO
16079,GO
16080,GO
16081,GO
16082,GO
16083,GO
16084,GO
16085,GO
16086,GO
16087,GO
16088,GO
16089,GO
16090,GO
16091,GO
16092,GO
16093,GO
16094,GO
16095,GO
16096,GO
16097,GO
16098,GO
16099,GO
16100,GO
16101,GO
16102,GO
16103,GO
16104,GO
16105,GO
16106,GO
16107,GO
16108,GO
16109,GO
16110,GO
16111,GO
16112,GO
16113,GO
16114,GO
16115,GO
16116,GO
16117,GO
16118,GO
16119,GO
16120,GO
16121,GO
16122,GO
16123,GO
16124,GO
16125,GO
16126,GO
16127,GO
16128,GO
16129,GO
16130,GO
16131,GO
16132,GO
16133,GO
16134,GO
16135,GO
16136,GO
16137,GO
16138,GO
16139,GO
16140,GO
16141,GO
16142,GO
16143,GO
16144,GO
16145,GO
16146,GO
16147,GO
16148,GO
16149,GO
16150,GO
16151,GO
16152,GO
16153,GO
16154,GO
16155,GO
16156,GO
16157,GO
16158,GO
16159,GO
16160,GO
16161,GO
16162,GO
16163,GO
16164,GO
16165,GO
16166,GO
16167,GO
16168,GO
16169,GO
16170,GO
16171,GO
16172,GO
16173,GO
16174,GO
16175,GO
16176,GO
16177,GO
16178,GO
16179,GO
16180,GO
16181,GO
16182,GO
16183,GO
16184,GO
16185,GO
16186,GO
16187,GO
16188,GO
16189,GO
16190,GO
16191,GO
16192,GO
16193,GO
16194,GO
16195,GO
16196,GO
16197,GO
16198,GO
16199,GO
16200,GO
16201,GO
16202,GO
16203,DF
